INSERT INTO Estudio VALUES('Paramount Pictures', 1500000000, '05081912', 'Viacom', 'Melrose Ave, Los Angeles, CA', 5515, 90038);
INSERT INTO Estudio VALUES('MGM', 2000000000, '04161924', 'United Artists', 'Constellation Boulevard, Los Angeles, CA', 10250, 90067);
INSERT INTO Estudio VALUES('Universal Studios', 1700000000, '04301912', 'Comcast', 'Universal City Plaza, Universal City, CA', 100, 91608);
INSERT INTO Estudio VALUES('Warner Bros. Pictures', 2100000000, '04041923', 'AT&T', 'Warner Blvd, Burbank, CA', 4000, 91522);
INSERT INTO Estudio VALUES('20th Century Fox', 1900000000, '05311935', 'Walt Disney Studios', 'W Pico Blvd, Los Angeles, CA', 10301, 90064);
INSERT INTO Estudio VALUES('Columbia Pictures', 1800000000, '06191918', 'Sony', 'Washington Blvd, Culver City, CA', 10202, 90232);
INSERT INTO Estudio VALUES('Walt Disney Pictures', 2200000000, '10161923', 'Walt Disney Studios', 'S Buena Vista St, Burbank, CA', 1901, 91521);
INSERT INTO Estudio VALUES('Miramax Films', 900000000, '01011979', 'BeIN Media Group', 'Avenue of the Stars Suite 2000, Los Angeles, CA', 500, 90067);
INSERT INTO Estudio VALUES('United Artists', 1700000000, '02051919', 'MGM', 'N Beverly Dr, Beverly Hills, CA', 245, 90210);
INSERT INTO Estudio VALUES('TriStar Pictures', 800000000, '05161983', 'Sony', 'West Washington Blvd SPP, Suite 11, Culver City, CA', 10202, 90232);
INSERT INTO Estudio VALUES('New Line Cinema', 1300000000, '01011967', 'Warner Bros. Pictures', 'Warner Blvd, Burbank, CA', 4000, 91522);
INSERT INTO Estudio VALUES('Lionsgate Films', 1000000000, '01011962', 'Lionsgate', 'N Highland Ave, Los Angeles, CA', 1800, 90028);

INSERT INTO Ator VALUES(1, 620069703, 'Arnold Schwarzenegger', 'M', 'Austriaca', '07301947', 'ascw@gmail.com');
INSERT INTO Ator VALUES(2, 613208569, 'Liam Neeson', 'M', 'Irlandesa', '06071952', 'lnee@gmail.com');
INSERT INTO Ator VALUES(3, 559273255, 'Chris Hemsworth', 'M', 'Australiana', '08111983', 'chem@gmail.com');
INSERT INTO Ator VALUES(4, 1551809369, 'Javier Bardem', 'M', 'Espanhola', '03011969', 'jbar@gmail.com');
INSERT INTO Ator VALUES(5, 605473882, 'Viggo Mortensen', 'M', 'Americana', '10201958', 'vmor@gmail.com');
INSERT INTO Ator VALUES(6, 558485182, 'Harrison Ford', 'M', 'Americana', '07131942', 'hfor@gmail.com');
INSERT INTO Ator VALUES(7, 611321451, 'Leonardo DiCaprio', 'M', 'Americana', '11111974', 'ldic@gmail.com');
INSERT INTO Ator VALUES(8, 622467323, 'Gary Oldman', 'M', 'Inglesa', '03211958', 'gold@gmail.com');
INSERT INTO Ator VALUES(9, 619305556, 'Woody Allen', 'M', 'Americana', '12011935', 'wall@gmail.com');
INSERT INTO Ator VALUES(10, 560521792, 'Bruce Willis', 'M', 'Americana', '03191955', 'bwil@gmail.com');
INSERT INTO Ator VALUES(11, 525561296, 'Samuel L. Jackson', 'M', 'Americana', '12211948', 'slja@gmail.com');
INSERT INTO Ator VALUES(12, 598852654, 'Marlon Brando', 'M', 'Americana', '04031924', 'mbra@gmail.com');
INSERT INTO Ator VALUES(13, 456255681, 'Robert De Niro', 'M', 'Americana', '08171943', 'rden@gmail.com');
INSERT INTO Ator VALUES(14, 564255568, 'Ben Affleck', 'M', 'Americana', '08151972', 'bafl@gmail.com');
INSERT INTO Ator VALUES(15, 489658745, 'Quentin Tarantino', 'M', 'Americana', '03271963', 'qtar@gmail.com');

INSERT INTO Ator VALUES(16, 603233222, 'Jessica Alba', 'F', 'Americana', '04281981', 'jalb@gmail.com');
INSERT INTO Ator VALUES(17, 625387904, 'Penelope Cruz', 'F', 'Espanhola', '04281974', 'pcru@gmail.com');
INSERT INTO Ator VALUES(18, 608782678, 'Liv Tyler', 'F', 'Americana', '07011977', 'ltyl@gmail.com');
INSERT INTO Ator VALUES(19, 571904752, 'Drew Barrymore', 'F', 'Americana', '02221975', 'dbar@gmail.com');
INSERT INTO Ator VALUES(20, 564233483, 'Scarlett Johansson', 'F', 'Americana', '11221984', 'sjoh@gmail.com');
INSERT INTO Ator VALUES(21, 567680827, 'Sandra Bullock', 'F', 'Americana', '07261964', 'sbul@gmail.com');
INSERT INTO Ator VALUES(22, 565199257, 'Linda Hamilton', 'F', 'Americana', '09261956', 'lham@gmail.com');
INSERT INTO Ator VALUES(23, 612045832, 'Natalie Portman', 'F', 'Israelita', '06091981', 'npor@gmail.com');
INSERT INTO Ator VALUES(24, 562388964, 'Nicole Kidman', 'F', 'Australiana', '06201967', 'nkid@gmail.com');
INSERT INTO Ator VALUES(25, 570182219, 'Kate Winslet', 'F', 'Inglesa', '10051975', 'kwin@gmail.com');

INSERT INTO tipoPapelAtor VALUES('Heroi', 1);
INSERT INTO tipoPapelAtor VALUES('Vilao', 1);             
INSERT INTO tipoPapelAtor VALUES('Perseguidor', 2);
INSERT INTO tipoPapelAtor VALUES('Policia', 2);
INSERT INTO tipoPapelAtor VALUES('Aventureiro', 3);
INSERT INTO tipoPapelAtor VALUES('Marido', 3);       
INSERT INTO tipoPapelAtor VALUES('Vilao', 4);      
INSERT INTO tipoPapelAtor VALUES('Amante', 4);
INSERT INTO tipoPapelAtor VALUES('Rei', 5);
INSERT INTO tipoPapelAtor VALUES('Guerreiro', 5);
INSERT INTO tipoPapelAtor VALUES('Lutador', 6);   
INSERT INTO tipoPapelAtor VALUES('Justiceiro', 6);  
INSERT INTO tipoPapelAtor VALUES('Vigarista', 7);
INSERT INTO tipoPapelAtor VALUES('Assassino', 7);  
INSERT INTO tipoPapelAtor VALUES('Vilao', 8);
INSERT INTO tipoPapelAtor VALUES('Heroi', 8);  
INSERT INTO tipoPapelAtor VALUES('Avo', 9);
INSERT INTO tipoPapelAtor VALUES('Pai', 9);
INSERT INTO tipoPapelAtor VALUES('Policia', 10);
INSERT INTO tipoPapelAtor VALUES('Maluco', 10);
INSERT INTO tipoPapelAtor VALUES('Gangster', 11);
INSERT INTO tipoPapelAtor VALUES('Detective', 11);  
INSERT INTO tipoPapelAtor VALUES('Soldado', 12);
INSERT INTO tipoPapelAtor VALUES('Heroi', 12);
INSERT INTO tipoPapelAtor VALUES('Lutador', 13);
INSERT INTO tipoPapelAtor VALUES('Mafioso', 13);
INSERT INTO tipoPapelAtor VALUES('Detective', 14);
INSERT INTO tipoPapelAtor VALUES('Heroi', 14);
INSERT INTO tipoPapelAtor VALUES('Militar', 15);
INSERT INTO tipoPapelAtor VALUES('Vilao', 15);

INSERT INTO tipoPapelAtor VALUES('Acompanhante', 16);           
INSERT INTO tipoPapelAtor VALUES('Investigadora', 16);             
INSERT INTO tipoPapelAtor VALUES('Aventureira', 17);               
INSERT INTO tipoPapelAtor VALUES('Guerreira', 17);                 
INSERT INTO tipoPapelAtor VALUES('Gatuna', 18);                    
INSERT INTO tipoPapelAtor VALUES('Mae', 18);                       
INSERT INTO tipoPapelAtor VALUES('Crianca', 19);                       
INSERT INTO tipoPapelAtor VALUES('Namorada', 19);                 
INSERT INTO tipoPapelAtor VALUES('Vila', 20);                      
INSERT INTO tipoPapelAtor VALUES('Amante', 20);                
INSERT INTO tipoPapelAtor VALUES('Vigarista', 21);                 
INSERT INTO tipoPapelAtor VALUES('Policia', 21);                   
INSERT INTO tipoPapelAtor VALUES('Lutadora', 22);                       
INSERT INTO tipoPapelAtor VALUES('Heroina', 22);                 
INSERT INTO tipoPapelAtor VALUES('Rainha', 23);                      
INSERT INTO tipoPapelAtor VALUES('Mae', 23);                   
INSERT INTO tipoPapelAtor VALUES('Rebelde', 24);                  
INSERT INTO tipoPapelAtor VALUES('Mulher', 24);                    
INSERT INTO tipoPapelAtor VALUES('Chefe', 25);                     
INSERT INTO tipoPapelAtor VALUES('Dona de casa', 25);
                                                               
INSERT INTO realizador VALUES('Francis Ford Coppola');
INSERT INTO realizador VALUES('Quentin Tarantino');
INSERT INTO realizador VALUES('Ron Howard');
INSERT INTO realizador VALUES('James Cameron');
INSERT INTO realizador VALUES('Steven Spielberg');
INSERT INTO realizador VALUES('Alfonso Cuaron');
INSERT INTO realizador VALUES('Peter Jackson');
INSERT INTO realizador VALUES('George Lucas');
INSERT INTO realizador VALUES('Martin Scorsese');
INSERT INTO realizador VALUES('Woody Allen');
INSERT INTO realizador VALUES('Ben Affleck');
INSERT INTO realizador VALUES('Roman Polansky');
INSERT INTO realizador VALUES('Pedro Almodovar');

INSERT INTO filme VALUES('Far And Away', 1992, 60000000, 5, 'Universal Studios', 'Ron Howard');
INSERT INTO filme VALUES('In The Heart Of The Sea', 2015, 100000000, 6, 'Warner Bros. Pictures', 'Ron Howard');
INSERT INTO filme VALUES('The Hateful Eight', 2012, 100000000, 7, 'Paramount Pictures', 'Quentin Tarantino');
INSERT INTO filme VALUES('Django Unchained', 2015, 100000000, 9, 'Paramount Pictures', 'Quentin Tarantino');
INSERT INTO filme VALUES('Sin City', 2005, 40000000, 6, 'Miramax Films', 'Quentin Tarantino');
INSERT INTO filme VALUES('Bram Stokers Dracula', 1992, 40000000, 6, 'Columbia Pictures', 'Francis Ford Coppola');
INSERT INTO filme VALUES('Apocalypse Now', 1979, 31000000, 5, 'United Artists', 'Francis Ford Coppola');
INSERT INTO filme VALUES('Terminator 2: Judgement Day', 1991, 100000000, 6, 'TriStar Pictures', 'James Cameron');
INSERT INTO filme VALUES('Titanic', 1997, 200000000, 5, 'Paramount Pictures', 'James Cameron');
INSERT INTO filme VALUES('Schindlers List', 1993, 22000000, 3, 'Universal Studios', 'Steven Spielberg');
INSERT INTO filme VALUES('E.T. The Extra-Terrestial', 1982, 10500000, 2, 'Universal Studios', 'Steven Spielberg');
INSERT INTO filme VALUES('Gravity', 2013, 100000000, 54, 'Warner Bros. Pictures', 'Alfonso Cuaron');
INSERT INTO filme VALUES('The Lord Of The Rings: The Return of the King', 2003, 94000000, 6, 'New Line Cinema', 'Peter Jackson');
INSERT INTO filme VALUES('Raging Bull', 1980, 18000000, 8, 'United Artists', 'Martin Scorsese');
INSERT INTO filme VALUES('The Wolf Of Wall Street', 2013, 100000000, 7, 'Paramount Pictures', 'Martin Scorsese');
INSERT INTO filme VALUES('Vicky Cristina Barcelona', 2008, 15000000, 4, 'MGM', 'Woody Allen');
INSERT INTO filme VALUES('Cafe Society', 2016, 30000000, 3, 'Lionsgate Films', 'Woody Allen');
INSERT INTO filme VALUES('Star Wars: Episode IV - A New Hope', 1977, 11000000, 16, '20th Century Fox', 'George Lucas');
INSERT INTO filme VALUES('Star Wars: Episode III - Revenge Of The Sith', 2005, 30000000, 18, '20th Century Fox', 'George Lucas');
INSERT INTO filme VALUES('Argo', 2012, 44500000, 8, 'Warner Bros. Pictures', 'Ben Affleck');

INSERT INTO generoFilme VALUES('Far And Away', 'Aventura');
INSERT INTO generoFilme VALUES('In The Heart Of The Sea', 'Drama');
INSERT INTO generoFilme VALUES('The Hateful Eight', 'Misterio');
INSERT INTO generoFilme VALUES('Django Unchained', 'Western');
INSERT INTO generoFilme VALUES('Sin City', 'Policial');
INSERT INTO generoFilme VALUES('Bram Stokers Dracula', 'Fantasia');
INSERT INTO generoFilme VALUES('Apocalypse Now', 'Aventura');
INSERT INTO generoFilme VALUES('Terminator 2: Judgement Day', 'Fantasia');
INSERT INTO generoFilme VALUES('Titanic', 'Romance');
INSERT INTO generoFilme VALUES('Schindlers List', 'Drama');
INSERT INTO generoFilme VALUES('E.T. The Extra-Terrestial', 'Fantasia');
INSERT INTO generoFilme VALUES('Gravity', 'Ficcao Cientifica');
INSERT INTO generoFilme VALUES('The Lord Of The Rings: The Return of the King', 'Fantasia');
INSERT INTO generoFilme VALUES('Raging Bull', 'Drama');
INSERT INTO generoFilme VALUES('The Wolf Of Wall Street', 'Comedia');
INSERT INTO generoFilme VALUES('Vicky Cristina Barcelona', 'Comedia');
INSERT INTO generoFilme VALUES('Cafe Society', 'Romance');
INSERT INTO generoFilme VALUES('Star Wars: Episode IV - A New Hope', 'Fantasia');
INSERT INTO generoFilme VALUES('Star Wars: Episode III - Revenge Of The Sith', 'Fantasia');
INSERT INTO generoFilme VALUES('Argo', 'Drama');

INSERT INTO contactoReal VALUES(2132009380, 'Francis Ford Coppola');
INSERT INTO contactoReal VALUES(2132111147, 'Quentin Tarantino');
INSERT INTO contactoReal VALUES(2132021468, 'Ron Howard');
INSERT INTO contactoReal VALUES(2132058998, 'James Cameron');
INSERT INTO contactoReal VALUES(2132024879, 'Steven Spielberg');
INSERT INTO contactoReal VALUES(2132009442, 'Alfonso Cuaron');
INSERT INTO contactoReal VALUES(2132012547, 'Peter Jackson');
INSERT INTO contactoReal VALUES(2132046547, 'George Lucas');
INSERT INTO contactoReal VALUES(2132064564, 'Martin Scorsese');
INSERT INTO contactoReal VALUES(2132062245, 'Woody Allen');
INSERT INTO contactoReal VALUES(2134455471, 'Ben Affleck');

INSERT INTO contactoAtor VALUES(2132061231, 1);
INSERT INTO contactoAtor VALUES(2132044458, 2);
INSERT INTO contactoAtor VALUES(2132665789, 3);
INSERT INTO contactoAtor VALUES(2132011223, 4);
INSERT INTO contactoAtor VALUES(2132798456, 5);
INSERT INTO contactoAtor VALUES(2132064568, 6);
INSERT INTO contactoAtor VALUES(2132068888, 7);
INSERT INTO contactoAtor VALUES(2132488745, 8);
INSERT INTO contactoAtor VALUES(2132062245, 9);
INSERT INTO contactoAtor VALUES(2134568987, 10);
INSERT INTO contactoAtor VALUES(2132887488, 11);
INSERT INTO contactoAtor VALUES(2132022222, 12);
INSERT INTO contactoAtor VALUES(2132033221, 13);
INSERT INTO contactoAtor VALUES(2134455471, 14);
INSERT INTO contactoAtor VALUES(2132111147, 15);

INSERT INTO contactoAtor VALUES(2132445897, 16);
INSERT INTO contactoAtor VALUES(2134895789, 17);
INSERT INTO contactoAtor VALUES(2134658979, 18);
INSERT INTO contactoAtor VALUES(2132165454, 19);
INSERT INTO contactoAtor VALUES(2134654654, 20);
INSERT INTO contactoAtor VALUES(2137894651, 21);
INSERT INTO contactoAtor VALUES(2134654656, 22);
INSERT INTO contactoAtor VALUES(2131231321, 23);
INSERT INTO contactoAtor VALUES(2131597985, 24);
INSERT INTO contactoAtor VALUES(2134658974, 25);

INSERT INTO personagem VALUES('Shannon Christie', 1000000, 'Far And Away', 24);         
INSERT INTO personagem VALUES('Owen Chase', 1500000, 'In The Heart Of The Sea', 3);                
INSERT INTO personagem VALUES('Mj. Marquis Warren', 2000000, 'The Hateful Eight', 11);           
INSERT INTO personagem VALUES('Robert', 500000, 'Django Unchained', 15);                        
INSERT INTO personagem VALUES('Nancy', 2000000, 'Sin City', 16);                                
INSERT INTO personagem VALUES('Hartigan', 1700000, 'Sin City', 10);                             
INSERT INTO personagem VALUES('Dracula', 2500000, 'Bram Stokers Dracula', 8);                 
INSERT INTO personagem VALUES('Cl. Walter Kurtz', 1000000, 'Apocalypse Now', 12);          
INSERT INTO personagem VALUES('The Terminator', 15000000, 'Terminator 2: Judgement Day', 1);
INSERT INTO personagem VALUES('Sarah Connor', 5000000, 'Terminator 2: Judgement Day', 22); 
INSERT INTO personagem VALUES('Jack Dawson', 7000000, 'Titanic', 7); 
INSERT INTO personagem VALUES('Rose D. Bukater', 7000000, 'Titanic', 25);              
INSERT INTO personagem VALUES('Oskar Schindler', 8000000, 'Schindlers List', 2);           
INSERT INTO personagem VALUES('Gertie', 500000, 'E.T. The Extra-Terrestial', 19);           
INSERT INTO personagem VALUES('Ryan Stone', 6000000, 'Gravity', 21); 
INSERT INTO personagem VALUES('Aragorn', 1000000, 'The Lord Of The Rings: The Return of the King', 5);
INSERT INTO personagem VALUES('Jake La Motta', 2000000, 'Raging Bull', 13);                      
INSERT INTO personagem VALUES('Jordan Belfort', 5000000, 'The Wolf Of Wall Street', 7);            
INSERT INTO personagem VALUES('Cristina', 1000000, 'Vicky Cristina Barcelona', 20);                 
INSERT INTO personagem VALUES('Maria Elena', 1000000, 'Vicky Cristina Barcelona', 17);             
INSERT INTO personagem VALUES('Juan Antonio', 1000000, 'Vicky Cristina Barcelona', 4);                
INSERT INTO personagem VALUES('Narrator', 1900000, 'Cafe Society', 9);                                
INSERT INTO personagem VALUES('Han Solo', 3000000, 'Star Wars: Episode IV - A New Hope', 6);         
INSERT INTO personagem VALUES('Padme', 3000000, 'Star Wars: Episode III - Revenge Of The Sith', 23);  
INSERT INTO personagem VALUES('Tony Mendez', 6000000, 'Argo', 14);                                      
INSERT INTO personagem VALUES('Arwen', 4500000, 'The Lord Of The Rings: The Return of the King', 18);       

INSERT INTO pode VALUES(14, 'Ben Affleck');
INSERT INTO pode VALUES(15, 'Quentin Tarantino');
INSERT INTO pode VALUES(9, 'Woody Allen');

INSERT INTO cinema VALUES(10, 'Luso Mundo', 'Oeiras');
INSERT INTO cinema VALUES(20, 'Luso Mundo', 'Lisboa');
INSERT INTO cinema VALUES(30, 'Luso Mundo', 'Almada');
INSERT INTO cinema VALUES(40, 'Luso Mundo', 'Sintra');
INSERT INTO cinema VALUES(50, 'Luso Mundo', 'Porto');
INSERT INTO cinema VALUES(60, 'Luso Mundo', 'Faro');
INSERT INTO cinema VALUES(70, 'UCI', 'Lisboa');
INSERT INTO cinema VALUES(80, 'UCI', 'Porto');
INSERT INTO cinema VALUES(90, 'Cinema City', 'Lisboa');
INSERT INTO cinema VALUES(100, 'Cinema City', 'Setubal');

INSERT INTO distribui VALUES ('Terminator 2: Judgement Day', 10);
INSERT INTO distribui VALUES ('Star Wars: Episode IV - A New Hope', 10);
INSERT INTO distribui VALUES ('Titanic', 20);
INSERT INTO distribui VALUES ('Django Unchained', 20);
INSERT INTO distribui VALUES ('The Hateful Eight', 30);
INSERT INTO distribui VALUES ('Far And Away', 30);
INSERT INTO distribui VALUES ('Bram Stokers Dracula', 40);
INSERT INTO distribui VALUES ('Schindlers List', 40);
INSERT INTO distribui VALUES ('Apocalypse Now', 50);
INSERT INTO distribui VALUES ('E.T. The Extra-Terrestial', 50);
INSERT INTO distribui VALUES ('Sin City', 60);
INSERT INTO distribui VALUES ('The Lord Of The Rings: The Return of the King', 60);
INSERT INTO distribui VALUES ('Star Wars: Episode III - Revenge Of The Sith', 70);
INSERT INTO distribui VALUES ('Vicky Cristina Barcelona', 70);
INSERT INTO distribui VALUES ('Gravity', 80);
INSERT INTO distribui VALUES ('The Wolf Of Wall Street', 80);
INSERT INTO distribui VALUES ('Cafe Society', 90);
INSERT INTO distribui VALUES ('In The Heart Of The Sea', 90);
INSERT INTO distribui VALUES ('Argo', 100);
INSERT INTO distribui VALUES ('Raging Bull', 100);

